id,source,date,statement,title,url
1,PIB,2025-11-21,"An Orientation and Awareness Programme on the Prevention of Sexual Harassment (POSH) Act, 2013 was held in the Department of Water Resources, River Development and Ganga Rejuvenation [DoWR, RD & GR] under the Chairpersonship of Economic Adviser & Chairman, Internal Complaints Committee (ICC). Ms. Janvi Satpal Babbar, Advocate & External Member of ICC delivered a presentation on the provisions of the POSH Act and the Rules framed thereunder. This programme aimed to equip employees of DoWR, RD & GR with a deeper understanding of not only the legal provisions of the Act but also its broader purpose—to promote a culture of dignity and equality at the workplace. The Prevention of Sexual Harassment (POSH) Act, 2013 was enacted in line with the Supreme Court’s landmark Vishaka judgment to ensure a safe, secure and dignified workplace for women. The Act provides a comprehensive legal framework to prevent, prohibit and redress incidents of sexual harassment, clearly defining the offence and outlining the responsibilities of employers to ensure compliance. It mandates the establishment of Internal Complaints Committees (ICCs) in organisations with ten or more employees and emphasises not only a structured redressal mechanism but also proactive measures such as awareness, sensitisation and capacity-building. Through these provisions, the Act seeks to foster a gender-sensitive, respectful and equitable work environment for all employees. ***","Department of WR, RD & GR conducts orientation programme on POSH Act to strengthen workplace safety",https://pib.gov.in/PressReleaseIframePage.aspx?PRID=2192406
2,PIB,2025-11-21,"Key Takeaways Introduction World Television Day is observed globally on 21 November each year, following the proclamation of the United Nations General Assembly through a Resolution adopted in 1996. The Day recognizes television as a vital medium in informing, educating, and influencing public opinion, and in fostering communication and global understanding. In India, where over 230 million television households reach around 900 million viewers, the Day is observed under the aegis of the Ministry of Information and Broadcasting (MIB) and its public broadcasting network, Prasar Bharati. Activities and outreach programmes by Doordarshan and All India Radio highlight television’s enduring role in public service communication, dissemination of development messages, and promotion of national integration.",World Television Day 2025,https://pib.gov.in/PressReleaseIframePage.aspx?PRID=2192398
3,PIB,2025-11-21,"In a major boost to India’s biodiversity conservation efforts, the National Biodiversity Authority has released ₹38.36 crore to the Andhra Pradesh Forest Department and ₹1.48 crore to the Andhra Pradesh State Biodiversity Board to protect and conserve the iconic Red Sanders. With this, India’s Access and Benefit Sharing disbursements have crossed an impressive ₹110 crore, marking one of the country’s largest biodiversity-linked ABS releases. Red Sanders, renowned worldwide for its deep red timber, grows naturally only in selected pockets of the Eastern Ghats, particularly in the Anantapur, Chittoor, Kadapa, Prakasam and Kurnool districts of Andhra Pradesh. An amount of ₹87.68 crore was generated through regulated access to auctioned or seized Red Sanders wood by the Andhra Pradesh Forest Department as benefit-sharing amount. So far, the NBA has released over ₹49 crore to forest departments of Andhra Pradesh, Karnataka, Odisha and to the Andhra Pradesh State Biodiversity Board for Red Sanders conservation, protection and research. In addition, ₹3 crore has been distributed to 198 farmers in Andhra Pradesh and ₹55 lakh to 18 farmers in Tamil Nadu. The present release of ₹38.36 crore to Andhra Pradesh Forest Department will further empower frontline forest staff, enhance protection measures, encourage scientific management of Red Sanders forests, create livelihood opportunities through Biodiversity Management Committees, and strengthen long-term monitoring programme marking a si...",NBA released ₹39.84 crore to Andhra Pradesh for Red Sanders Protection and Conservation,https://pib.gov.in/PressReleaseIframePage.aspx?PRID=2192377
4,PIB,2025-11-21,"I am visiting the Republic of South Africa from 21-23 November, 2025 at the invitation of H.E. Mr. Cyril Ramaphosa, to attend the 20th G20 Leaders' Summit being held in Johannesburg under South Africa’s Presidency. This will be a particularly special Summit given that it would be the first G20 Summit being held in Africa. During India’s Presidency of the G20 in 2023, the African Union had become a member of the G20. The Summit will be an opportunity to discuss key global issues. The theme of this year’s G20 has been ‘Solidarity, Equality and Sustainability’, by which South Africa has carried forward the outcomes from the previous Summits held in New Delhi, India and Rio de Janeiro, Brazil. I will present India’s perspective at the Summit in line with our vision of ‘Vasudhaiva Kutumbakam’ and 'One earth, One Family and One future.’ I look forward to my interactions with leaders of the partner countries, and participation in the 6th IBSA Summit scheduled on the sidelines of the Summit.",Prime Minister’s Departure Statement ahead of his visit to Republic of South Africa,https://pib.gov.in/PressReleaseIframePage.aspx?PRID=2192372
5,PIB,2025-11-21,"Indian Railways will operate Special Train services to facilitate the smooth and dignified travel of devotees during the commemoration of the Martyrdom Day of Sri Guru Tegh Bahadur Ji, the ninth Sikh Guru revered as Hind Di Chadar. The announcement was made by Shri Ravneet Singh Bittu, Minister of State for Railways and Food Processing Industries . Honouring the Guru’s immortal legacy of sacrifice for religious freedom, truth, and human dignity, Indian Railways is committed to ensuring that pilgrims travelling to Sri Anandpur Sahib receive safe, seamless, and comfortable travel arrangements during this sacred period. Special Train Services To meet the anticipated surge in pilgrim traffic, Indian Railways will operate two dedicated services - one from Patna Sahib and another from Old Delhi starting 22 November 2025.",Indian Railways Announces Special Train Services to Commemorate the Martyrdom Day of Sri Guru Tegh Bahadur Ji,https://pib.gov.in/PressReleaseIframePage.aspx?PRID=2192351
6,PIB,2025-11-21,"Belém/New Delhi, 18th November, 2025 Union Minister for Environment, Forest and Climate Change, Shri Bhupender Yadav, addressed the Baku High-Level Dialogue on Adaptation during the UNFCCC CoP30 in Belém, Brazil, on 20.11.2025. He expressed gratitude to the CoP Presidency for convening the dialogue and acknowledged the work of the UNFCCC Secretariat. The Minister highlighted India’s efforts and experiences in accessing adaptation finance, the barriers faced by developing countries, and the global steps needed to raise adaptation ambition. In his intervention, the Minister highlighted the urgent need for scaled-up adaptation finance as the global gap widens. Marking the 10th anniversary of the Paris Agreement, the Minister underscored the importance of Article 7.6, which emphasizes support for developing countries in taking effective adaptation action. He noted, “The 2025 Adaptation Gap Report estimates that developing countries will need between $310 and $365 billion annually by 2035, while current flows are around $26 billion only”. The Minister stressed that a predictable, scaled-up, grant-based and concessional financial support is essential. He expressed concern that the Glasgow Climate Pact goal of doubling public adaptation finance from 2019 levels to around USD 40 billion by 2025 is likely to be missed if the trend continues. “It will take nothing less than a global collective effort to increase climate finance to the levels articulated in the Baku to Belém Roadmap to ...","Union Environment Minister Shri Bhupender Yadav addresses Baku High-Level Dialogue on Adaptation at CoP30, Belém, Brazil",https://pib.gov.in/PressReleaseIframePage.aspx?PRID=2192347
7,PIB,2025-11-21,"#IFFIWood, 20 November 2025 The 56th International Film Festival of India (IFFI 2025) opened with a spectacular grand parade in Panaji, marking a historic first for the festival. Held on 20 November, the parade transformed the city’s DB Road into a vibrant cultural corridor as floats from film production houses, participating states, and cultural troupes moved from the Old Goa Medical College building to the Kala Academy. Over two dozen floats— including 12 presented by the Goa government—showcased themes celebrating India’s cinematic legacy, animation, and regional identities. The highlight was the large folk production “Bharat Ek Soor”, produced by Central Beauru of Communication under Minstry of Broadcasting & Communication featuring over 100 artists performing traditional dances, along with the appearance of beloved animated characters like Chhota Bheem, Motu Patlu, and Bittu Bahanebaaz, which drew enthusiastic reactions from spectators. The parade created a carnival-like atmosphere across Panaji, turning the festival’s opening into an inclusive public celebration rather than a closed-door ceremony. Thousands of locals, tourists, and delegates lined the streets to witness the floats, cultural performances, and live music, making it one of the most memorable IFFI openings to date. The event successfully blended Goa’s carnival spirit with the festival’s cinematic grandeur, setting an energetic tone for the nine-day celebration that followed. Goa Chief Minister Shri Pramod S...","Grand Parade Marks Historic, Carnival Style Opening of 56th IFFI in Panaji",https://pib.gov.in/PressReleaseIframePage.aspx?PRID=2192348
8,PIB,2025-11-21,"Belém/New Delhi, 20th November, 2025 Union Minister for Environment, Forest and Climate Change, Shri Bhupender Yadav, addressed the Third Annual High-Level Ministerial Roundtable on Just Transition under the UAE Just Transition Work Programme during UNFCCC CoP30 in Belém, Brazil on 20.11.2025. He welcomed the opportunity to contribute to the ministerial deliberations, noting that the four dialogues held so far have been engaging and a good platform to put across views. The Minister underlined that the dialogues have firmly established that a just transition extends far beyond the energy sector, calling it “an economy-wide, all-inclusive, people-centred transformation that must respect national circumstances, ensure equity, and secure social justice”. He emphasised that such a transition must enable all countries to contribute their fair share to global mitigation efforts without compromising developmental imperatives. Shri Yadav highlighted that just transition inherently includes strengthening resilience, creating employment, protecting livelihoods, eradicating poverty, ensuring food security, and providing social protection. He stressed that each nation must retain the ability to chart its own sustainable development pathways consistent with their national priorities and circumstances.”","India calls for Global Equity and a People-Centric Approach in Just Transition at CoP30, in Belém, Brazil",https://pib.gov.in/PressReleaseIframePage.aspx?PRID=2192344
9,PIB,2025-11-21,"Union Minister of Ports, Shipping and Waterways Shri Sarbananda Sonowal said the rapid modernisation of India’s inland waterways, particularly in the Northeast, is set to unlock major economic opportunities and strengthen the petroleum supply chain and export routes connecting Assam to Bangladesh and Southeast Asia. Speaking at the North East Oil & Gas Conclave 2025, the Union Minister said, “Under the dynamic leadership of Prime Minister Shri Narendra Modi ji, the renewed focus on Inland Water Transport (IWT) has enabled smooth and swift cargo movement, reduce logistics costs and provide a reliable multimodal network for the movement of petroleum products and industrial cargo across the Brahmaputra and Barak river systems. This has not only revived one of the oldest and proven conduits of economic prosperity but also repurposed the economic activity and prosperity in the hinterland of the region.” The Minister said that jetties and terminals in Assam — including Pandu, Jogighopa, Dhubri, Bogibeel, Karimganj and Badarpur — have emerged as critical hubs for cross-border trade. These river terminals facilitate the export of petroleum products and large industrial consignments to Bangladesh and onward destinations, cutting transit distance, travel time and fuel consumption compared to road transport. Shri Sarbananda Sonowal highlighted that the transport of over-dimensional cargo (ODC) to Numaligarh Refinery for its expansion, and the ongoing movement of petroleum products using...","“Revamped Inland Waterways to Power Northeast’s Growth, Boost Petroleum Exports to from Assam:” Shri Sarbananda Sonowal",https://pib.gov.in/PressReleaseIframePage.aspx?PRID=2192320
10,PIB,2025-11-21,"Union Minister of Agriculture & Farmers’ Welfare Shri Shivraj Singh Chouhan today released in New Delhi the final estimates of crop production for 2024-25, expressing gratitude to the nation’s farmers for achieving record-high foodgrain output. He also welcomed the encouraging rise in the production of pulses and oilseeds. The Union Minister said India is witnessing the highest increase in foodgrain production in the last ten years. From 251.54 million tonnes in 2015-16, production has risen by 106 million tonnes to reach 357.73 million tonnes. This reflects the rapid growth in the agriculture sector under the leadership of Prime Minister Shri Narendra Modi ji. The Union Agriculture Minister stated that rice production has also reached a record level of 1,501.84 lakh tonnes, which is 123.59 lakh tonnes higher than last year’s 1,378.25 lakh tonnes. Wheat too has registered record growth, rising to 1,179.45 lakh tonnes, an increase of 46.53 lakh tonnes over last year’s 1,132.92 lakh tonnes. Moong production has increased to 42.44 lakh tonnes, soybean to 152.68 lakh tonnes, and groundnut to 119.42 lakh tonnes. Maize and ‘Shri Anna’ (millet) output are estimated at 434.09 lakh tonnes and 185.92 lakh tonnes, respectively, compared to 376.65 lakh tonnes and 175.72 lakh tonnes, respectively, last year. Expressing satisfaction over the strong rise in oilseed production, the Union Minister said that total oilseed output during 2024-25 is estimated at a record 429.89 lakh tonnes, which...","Record foodgrain output breaks all previous highs, adding new chapters of success to India’s agriculture sector",https://pib.gov.in/PressReleaseIframePage.aspx?PRID=2192315
11,PIB,2025-11-21,"#IFFIWood, 20 November 2025 Gabriel Mascaro’s dystopian tale The Blue Trail, known in its native Portuguese as ‘O Último Azul’ , has ignited the first spark today of the 56th International Film Festival of India (IFFI) marking the unfolding in the coastal sway of Goa. The opening film has been embraced widely stirring admiration and wonder alike. Before the film lit up the screen, the cast and crew of the film including María Alejandra Rojas, Arturo Salazar RB, Clarissa Pinheiro, Rosa Malagueta and Gabriel Mascaro graced the Red carpet. L. Murugan, Minister of State for Information & Broadcasting, and Parliamentary Affairs; Pramod Sawant, Chief Minister of Goa; Sanjay Jaju, Secretary, Ministry of Information & Broadcasting; Shekhar Kapoor, Festival Director IFFI and Nandamuri Balakrishna, Legendary Actor was present during the interaction session. Commenting on the film Shekhar Kapoor mentioned, “I saw the opening film at the Berlin film festival where it won the silver beer, which is the second-best award is a very moving film, but I will let the director talk to you about it.” And Gabriel Mascaro remarked, “The movie is about this elderly woman that hopefully we support us to understand it always time to find your meaning life.” Shri Kapoor also expressed his hope in IFFI and went on to affirm, “I think in two, three years we'll have 100,000 people, and we will be as big as the Cannes Festival very soon.”",IFFI gees up its 56th chapter to pursue the trail of ‘The Blue Trail’,https://pib.gov.in/PressReleaseIframePage.aspx?PRID=2192321
12,PIB,2025-11-21,"The 3rd Joint Working Group (JWG) Meeting on Alternative Medicine between the Ministry of Ayush, Government of India, and the Federal Ministry of Health, Germany, was held from 18 to 20 November 2025 in Berlin, marking another significant step in advancing Indo-German cooperation in the field of traditional and integrative healthcare. The Indian delegation was led by Ms. Monalisha Dash, Joint Secretary, Ministry of Ayush, and included Prof. (Dr.) Rabinarayan Acharya, Director General, CCRAS; Dr. Subhash Kaushik, Director General, CCRH; Dr. Koustabha Upadhyay, Adviser, Ministry of Ayush; and Dr. Kashinath Samagandi, Director, MDNY. The delegation engaged with leading German institutions to further concrete avenues of collaboration. The German officials leading the programme included Paul Zubeil, Head of Division European and International Health Policy, German Ministry of Health, Prof. Dr. med. Georg Seifert, Head of Competence Center for Traditional and Integrative Medicine, Charité Berlin, Andrea Galle, CEO, BKK mkk (statutory health insurance fund), Dr. Jaqueline Wiesner, Head of Department for Vitamins, minerals, special therapeutic approaches, Federal Institute for Drugs and Medical Devices (BfArM) participated. The discussions centred on three key pillars—integrating traditional medicine into public health systems, establishing reimbursement pathways for patient access, and strengthening regulatory approval mechanisms. These themes reflect the shared commitment of both n...",India & Germany Advance Collaboration on Traditional Medicine at the 3rd Joint Working Group Meeting on Alternative Medicine in Berlin,https://pib.gov.in/PressReleaseIframePage.aspx?PRID=2192305
13,PIB,2025-11-21,"Government e-Marketplace (GeM), Ministry of Commerce and Industry, Government of India, and the United Nations Entity for Gender Equality and the Empowerment of Women (UN Women) have signed a Memorandum of Understanding (MoU) to enhance the empowerment and integration of women entrepreneurs from the informal sector into the country’s public procurement ecosystem. The MoU focuses on promoting gender-responsive procurement by encouraging increased sourcing from women-led businesses, thereby expanding market access for women entrepreneurs under GeM’s Womaniya initiative. The MoU was signed by Country Representative, UN Women India, Smt. Kanta Singh, and Additional CEO, GeM, Shri Ajit B. Chavan. CEO, GeM, Shri Mihir Kumar presided over the ceremony. In his presidential remarks, he said that the partnership reinforces GeM’s commitment to empowering women entrepreneurs by expanding their access to public procurement and creating forward market linkages through GeM. GeM, the national public procurement portal for Central and State Government Ministries, Departments, PSUs and autonomous bodies, continues to promote transparent, efficient and inclusive procurement. Through GeM, women entrepreneurs and Self-Help Groups (SHGs) can directly supply their products to government buyers. To support seamless onboarding and procurement, GeM has created generic product categories covering handicrafts, handloom items, jute and coir goods, bamboo products, organic foods, spices, accessories, home...",GeM and UN Women sign MoU to Boost Participation of Women Entrepreneurs in Public Procurement,https://pib.gov.in/PressReleaseIframePage.aspx?PRID=2192297
14,PIB,2025-11-21,"In line with its core objective of meaningfully engaging with citizens across India, MyGov— the citizen-engagement platform of the Government of India—undertook a series of initiatives to mark the observance of National Space Day. Aimed at raising awareness and spreading knowledge about India’s remarkable space journey, MyGov created multiple avenues for public participation, including creative contests, informative social media campaigns, newsletters, blogs, podcasts, and videos. Among these efforts, one of the flagship initiatives was the National Space Day Quiz 2025. Designed to ignite curiosity, promote scientific temperament, and deepen public engagement with India’s space programme, the quiz drew thousands of enthusiastic participants from across the country. Further, MyGov offered the top 100 winners an exclusive opportunity to visit the Indian Space Research Organisation (ISRO) at the Satish Dhawan Space Centre – Sriharikota Range (SDSC SHAR) on 11th November 2025. The winners’ visit offered a unique behind-the-scenes understanding of India’s world-class space research and launch operations. The participants interacted with senior scientists and officials who conducted interactive sessions covering India’s space journey, major milestones, and cutting-edge technological developments. As part of the guided tour, the winners had the honour to visit the Master Control Centre and Launch Pads 1 and 2, the iconic platforms from which India’s launch vehicles ascend into space...","MyGov’s National Space Day Quiz 2025 Winners Experience an Inspiring Journey at ISRO, Sriharikota",https://pib.gov.in/PressReleaseIframePage.aspx?PRID=2192294
15,PIB,2025-11-21,"#IFFIWood, 20 नोव्‍हेंबर 2025 Step into the streets. Feel the rhythm. See the stories unfold. IFFI transforms Goa into a living, breathing reel of wonder! For the first time in its distinguished journey, the International Film Festival of India (IFFI) stepped beyond the walls of tradition into the vibrant heart of Goa—embracing its people, streets and spirit in a celebration like never before. In a bold reimagining of its grand opening today, IFFI 2025 transformed the city into a vast, living canvas—where cinematic brilliance mingled with cultural splendour and the ageless magic of storytelling danced through the streets of Goa. As artists, performers and cinephiles filled the boulevards with energy and entertainment, Goa transformed into a pulsating corridor of creativity—signalling not just the beginning of a festival, but the dawn of a bold new chapter in IFFI’s legacy. Inaugurating the celebrations, Governor of Goa, Shri Pusapati Ashok Gajapathi Raju, lauded IFFI’s growing global stature, saying, “IFFI has become a meaningful platform for creative exchange, new collaborations, and the celebration of cinematic excellence. With Goa’s cosmopolitan character, cultural richness, and global connectivity, it is natural that film lovers gather here in such large numbers.”",IFFI Steps onto the Streets: A Historic Parade Opens the 56th Edition,https://pib.gov.in/PressReleaseIframePage.aspx?PRID=2192289
16,PIB,2025-11-21,"India Post today inaugurated the revamped Delhi University Post Office, the second campus Post Office to be transformed under the nationwide initiative to connect more deeply with Generation Z. The initiative, guided by the vision of the Union Minister of Communications Shri. Jyotiraditya M. Scindia, aims to re-imagine Post Offices as vibrant, student-centric, technology-enabled spaces that resonate with young citizens. Delhi University Post Office entrance The Delhi University Post Office has been redesigned with the active participation of student artists from the Miranda House Adversity Fine Arts Society, whose ideas have shaped the graffiti, interior themes, and promotional material—giving the Post Office a distinct youth-driven identity. Modern features such as Free Wi-Fi access, dedicated student service counters, parcel packing services and Discounted Speed Post document services make the facility more contemporary and accessible. Gen-Z sitting space at Delhi University Post Office",India Post inaugurates second revamped Gen Z–themed Post Office at Delhi University,https://pib.gov.in/PressReleaseIframePage.aspx?PRID=2192283
17,PIB,2025-11-21,"To strengthen and standardise quality infrastructure, National Education Society for Tribal Students ( NESTS) is organising a two-day workshop on “Building Quality Infrastructure for Tribal Education” on 21st and 22nd November 2025 at Akashvani Bhawan, New Delhi. This two days workshop is being inaugurated by Ms. Ranjana Chopra, Secretary, Ministry of Tribal Affairs . The workshop will bring together more than 300 engineers from various PSUs, CPWD, State Governments, and construction agencies. This workshop has been designed as capacity building exercise for focusing on faster progress of construction especially focusing on best quality practises. This initiative is part of the Government’s continued efforts to ensure the development of quality school infrastructure in remote tribal areas. About National Education Society for Tribal Students National Education Society for Tribal Students an autonomous organisation under the Ministry of Tribal Affairs , is implementing this key initiative. The Government has set a target of establishing 728 EMRSs across the country, of which 499 are currently functional and construction of the remaining schools is ongoing. To further promote sports and athletic excellence among tribal students, the Ministry is also setting up 15 Centres of Excellence for Sports (CoE for Sports) within these EMRSs. Expert Sessions for Quality-Assured Construction","NESTS Organises Workshop on ‘Building Quality Infrastructure for Tribal Education’ on 21st and 22nd November 2025 at Akashvani Bhawan, New Delhi",https://pib.gov.in/PressReleaseIframePage.aspx?PRID=2192237
18,PIB,2025-11-21,"Minister of State (I/C), Ministry of Skill Development and Entrepreneurship (MSDE) and Ministry of Education, Government of India, Shri Jayant Chaudhary, today inaugurated the - Centre of Logistics Training Excellence, in the campus of National Skill Training Institute (NSTI) Hyderabad, which marked a major step in advancing technology-driven skilling for India’s logistics sector. While addressing on the occasion he said “India’s logistics sector is entering a high-growth decade, powered by the National Logistics Policy, PM Gati Shakti and unprecedented investments in multimodal infrastructure. But this transformation can only be sustained if we build a workforce that is as modern and future-ready as the systems we are creating,” . “Centres like Centre of Logistics Training for Excellence, Hyderabad show what the next generation of logistics skilling must look like—technology-led, industry-designed and sharply aligned to real operational needs. As automation, digital supply chains and new mobility models redefine the sector; skilled professionals will be the backbone of India’s competitiveness. Our commitment is clear: to equip lakhs of young Indians with the capabilities that will drive the efficiency, resilience and global leadership of India’s logistics economy,”he further added. Global Chief Sustainability Officer, Redington Ltd., R. Venkatesh, said, “The Centre of Logistics Training for Excellence in Chennai demonstrated how technology-enabled learning can truly transfor...","“India’s logistics sector is entering a high-growth decade; it needs a modern and future ready workforce” - Shri Jayant Chaudhary at the launch of Centre of Logistics Training for Excellence (COLTE), Hyderabad",https://pib.gov.in/PressReleaseIframePage.aspx?PRID=2192215
19,PIB,2025-11-21,"The Change of Guard Ceremony on the Forecourt of Rashtrapati Bhavan will take place from 0830 a.m. and 0930 a.m. with effect from this Saturday (November 22, 2025) owing to the onset of the  winter season. *** MJPS/SR The Change of Guard Ceremony on the Forecourt of Rashtrapati Bhavan will take place from 0830 a.m. and 0930 a.m. with effect from this Saturday (November 22, 2025) owing to the onset of the  winter season.",CHANGE OF GUARD CEREMONY TO TAKE PLACE FROM 0830 AM TO 0930 AM FROM THIS SATURDAY,https://pib.gov.in/PressReleaseIframePage.aspx?PRID=2192210
20,PIB,2025-11-21,"The 102 nd meeting of the Network Planning Group (NPG), was convened today to evaluate infrastructure projects of Road, Transport & Highways. The meeting focused on enhancing multimodal connectivity and logistics efficiency in alignment with the PM GatiShakti National Master Plan (PMGS NMP). The NPG evaluated 03 projects in which 01 Road/Highway projects of MoRTH & 02 Rail projects for their conformity to the PM GatiShakti principles of integrated multimodal infrastructure, last-mile connectivity to economic and social nodes and ‘Whole of Government’ approach. These initiatives are expected to boost logistics efficiency, reduce travel times, and deliver significant socio-economic benefits to the catchment areas of the project. The evaluation and anticipated impacts of these projects are detailed below: A brief description of the projects are given below: Ministry of Railways (MoR)",102nd National Planning Group Meeting Reviews Key Infrastructure Projects under PM GatiShakti,https://pib.gov.in/PressReleaseIframePage.aspx?PRID=2192176
